Page ID,Page name,Disclaimer,Amount spent (EUR),Number of ads in Library
78648671844,Julkisten ja hyvinvointialojen liitto JHL,Julkisten ja hyvinvointialojen liitto JHL,1611,6
60390955171,Vasemmistoliitto,Vasemmistoliitto,1270,6
108945982480217,Sosialidemokraatit SDP,Sosialidemokraatit SDP,973,10
249421507648,Uudenmaan Kokoomus,Uudenmaan Kokoomus,957,68
201285237101,Kokoomus,Kokoomus,708,50
55312855747,Keskusta,Suomen Keskusta r.p.,656,8
7692825311,Suomen World Vision,Suomen World Vision,646,4
123692197698005,Suomen UN Women,Suomen UN Women,616,9
74247674998,SAK - Suomen Ammattiliittojen Keskusjärjestö,SAK - Suomen Ammattiliittojen Keskusjärjestö,482,5
113398820097,Pelastakaa Lapset,Pelastakaa Lapset,422,32
309459326150013,Teollisuusliitto,Teollisuusliitto,417,29
119054448115588,WWF Suomi,WWF Suomi,270,84
1504918263070191,Reetta Vanhanen,Vanhanen Reetta Leena,256,2
153558701328768,Helsingin Vasemmisto,Helsingin Vasemmistoliitto ry,236,6
108417008779964,Lasse Lehtonen,Vastuullisen Hyvinvointipolitiikan Edistämisyhdistys ry.,217,9
8252999126,Suomen UNICEF – UNICEF Finland,Suomen UNICEF – UNICEF Finland,217,34
9227859351,Greenpeace Suomi,Greenpeace Suomi,217,73
1938803856245961,Kaisa Garedew PS,Kaisa Garedew,214,14
271311152007,Plan International Suomi,Plan International Suomi,208,33
54313274188,Naisten Pankki,Naisten Pankki,199,95
505419049469417,Mari Holopainen,Mari Holopainen,187,12
139646119495925,Matti Niiranen,Matti Niiranen,183,1
102308838569653,Tuomas Sorsa PS,Tuomas Sorsa,175,24
141305472602496,Sähköliitto,Sähköalojen ammattiliitto,163,44
100451762088480,Juha Suoniemi PS,Juha Suoniemi,159,2
274800030869,Pohjanmaan Kokoomus,Pohjanmaan Kokoomus,153,16
119502622788617,Rakennusteollisuus RT,Rakennusteollisuus RT,153,16
184885671917970,Alvar Euro,Alvar Euro,152,5
298060500819,Kainuun Kokoomus,Kainuun Kokoomus ry,144,5
1631165890489545,Gasum,Gasum Oy,140,8
284528921908764,Mirita Saxberg - kansanedustajasi,Mirita Saxberg,138,8
103713019226731,Atte Savelainen,Atte Heikki Savelainen,137,3
229433767936563,Lääkärit Ilman Rajoja,Lääkärit Ilman Rajoja,132,9
109502471927588,Luontolista,Luontolista,131,5
474077585941967,Kai Lintunen - Osaava edustajasi,Kai Lintunen - Osaava edustajasi,126,25
113957098615260,Keski-Suomen Vihreät,Keski-Suomen Vihreät,125,17
860106373999721,Elina Valtonen,Elina Valtonen,125,10
106582254757355,Tuukka Saimen,Tuukka Saimèn,122,8
696021337144506,Mai Kivelä,Mai Elviira Kivelä,119,2
276582945717,Varsinais-Suomen Kokoomus,Varsinais-Suomen Kokoomus,118,13
291699857688,EPP Group in the European Parliament,EPP Group in the European Parliament,118,57
134934386349,Amnesty International - Suomen osasto,Amnesty International Suomen osasto,116,11
144821005614879,SFP i Nyland - RKP Uusimaa,Svenska folkpartiet i Nyland,115,44
2121002351547149,Heikki Pursiainen,Heikki Pursiainen,112,4
250829455020050,Saara Hyrkkö,Saara Hyrkkö,111,13
200739723082,University of Helsinki,University of Helsinki,108,20
181106108341,Perussuomalaiset,Perussuomalaiset,107,3
790765324307350,Anders Adlercreutz,Anders Adlercreutz,105,11
1774837889276325,Keski-Suomen Perussuomalaiset,Perussuomalaisten Keski-Suomen piiri ry,102,2
617567508275235,Hämeen Vasemmistoliitto,Hämeen Vasemmistoliitto,≤100,29
448116415229902,Henrik Wickström,Wickström 2019,≤100,13
143415182363632,Tuuli Kousa,Tuuli Kousa,≤100,3
104537989034024,Timo Väänänen,Timo Väänänen,≤100,4
222702171440856,Atte Harjanne,Harjanne Atte Erik,≤100,20
105546059081795,Susanne Päivärinta,Susanne Päivärinta,≤100,2
108298305243648,Teemu Kinnari poliitikko,Teemu Kullervo Kinnari,≤100,5
109967214030323,Jami Haavisto,Jami Haavisto,≤100,15
545309265626080,Kela - Fpa,Kela - Fpa,≤100,2
191883307265,Svenska folkpartiet i Finland - RKP,Svenska folkpartiet i Finland - RKP,≤100,13
608420329206042,Vantaan Kokoomus,Vantaan Kokoomus ry,≤100,3
170559451901,Yle,Yleisradio Oy,≤100,4
1590714481237792,Amanda Pasanen,Amanda Pasanen,≤100,16
111880944324209,Juha-Pekka Forsman Kansanedustajaehdokas 2023 Hämeen vaalipiiri,Juha-Pekka Forsman,≤100,3
463085777048015,Sami Ristiniemi Eduskuntaan,Sami Ristiniemen Tuki Ry,≤100,4
102836968654308,Sosiaalivakuutus,Kela,≤100,4
103951659288683,Martin Paasi Eduskuntaan 2023,Aatos Martin Paasi,≤100,7
114898939959797,Paavo Koho,Paavo Koho,≤100,3
169404349771683,SFP i Egentliga Finland / RKP Varsinais-Suomi,SFP i Egentliga Finland,≤100,30
1418717018381086,Tere Sammallahti - Kokoomus - Uusimaa,Tere Sammallahti - Kokoomus - Uusimaa,≤100,4
180192098660221,Helsingin Vihreät,Helsingin Vihreät,≤100,13
714507148637800,Daniel Sazonov,Daniel Sazonov,≤100,4
329520117139440,Jaakko Mustakallio,Jaakko Mustakallio,≤100,5
145654585490783,Jukka Kopra,Jukka Kopra,≤100,11
105204505765329,SFP Samkretsen - RKP:n Yhteispiiri,SFP Samkretsen - RKP:n Yhteispiiri,≤100,7
113396554931509,Miisa Mink,Miisa Maarita Mink,≤100,9
129286757147002,Tehy ry,Tehy ry,≤100,6
1357638954294467,Fatim Diarra,Fatim Diarra,≤100,8
255097357943710,Tommi Mäki,Tommi Mäki,≤100,3
105832551326805,Savolainen Katri,Katri Savolainen,≤100,2
1605405449505136,Pauli Kiuru,Pauli Antero Kiuru,≤100,3
174186446378307,Bicca Olin,Bicca Olin,≤100,7
433087293448371,Tiedekulma,Tiedekulma,≤100,11
103795081609611,Ira Hietanen-Tanskanen,Ira Hietanen-Tanskanen,≤100,6
307784380044908,Jarno Strengell.,Jarno Strengell,≤100,1
104591978130770,Karin Cederlöf,Karin Cederlöf,≤100,8
2308093999412825,Kenneth Morelius,Kenneth Morelius,≤100,2
110738111928064,Eija Nivala - Kansanedustajaehdokas,Eija Nivala - Kansanedustajaehdokas,≤100,5
281523996677,Suomen Yrittäjät,Suomen Yrittäjät,≤100,3
151086361568628,Duunitori,Duunitori,≤100,6
299075588404,Uudenmaan Keskusta,Keskustan Uudenmaan piiri ry,≤100,4
124069734323025,Nasima Razmyar,Nasima Razmyar,≤100,5
1380845418823068,Hämeen Sosialidemokraatit,Hämeen sosialidemokraatit ry,≤100,2
183023318394038,Kristiina Ruuskanen,Maria Kristiina Ruuskanen,≤100,5
164737363576382,SDP Tampere,Tampereen Sosialidemokraattinen Kunnallisjärjestö ry,≤100,2
273183882790711,"Olli Kohonen, politiikkaa Pohjois-Pohjanmaalta",Kohonen Olli Ilmari,≤100,3
1630403923902130,Sami Kumpulainen,Sami Kumpulainen,≤100,2
154256701288026,Petteri Orpo,Kokoomus,≤100,1
719048994927648,Susa Vikeväkorva,Susa Vikeväkorva,≤100,6
922311201130062,Miapetra Kumpula-Natri,Miapetra Kumpula-Natri,≤100,2
360860753953531,Fortum,Fortum Suomi,≤100,3
169477316356,Solidaarisuus,Solidaarisuus,≤100,3
161736797196175,Oulun Keskusta,Keskustan Oulun kunnallisjärjestö ry,≤100,2
308932932538671,Maria-Riitta Mällinen,Maria-Riitta Mällinen,≤100,1
107520531165984,Ami Rinta-Valkama,Ami Rinta-Valkama,≤100,1
101847418551815,Tomi Immonen PS,Tomi Immonen,≤100,2
1475491782491599,Jenni Aikio,Jenni Aikio,≤100,2
261929353938587,Elinkeinoelämän keskusliitto EK,Elinkeinoelämän keskusliitto,≤100,6
117401001618470,ESS.fi - Etlari verkossa,Etelä-Suomen Sanomat,≤100,8
332170236842216,Vattenfall,Vattenfall Oy,≤100,1
289704907716370,Uudenmaan Perussuomalaiset,Aallonharja Piia Riikka,≤100,2
1666046557046225,Satakunnan Vasemmistoliitto,Satakunnan Vasemmistoliitto,≤100,14
128816413815084,Vihreät Naiset ry,Vihreät naiset ry,≤100,5
108424785411810,Ville Laine poliitikko,Ville Antero Laine,≤100,6
101450795285817,Onni Rostila,Onni Rostila,≤100,1
106832138218520,Kansanedustajaehdokas Terhi Enjala,Terhi Tuuli Enjala,≤100,4
106164411108348,Emmi Piippo,Piippo Emmi Maria,≤100,5
103449005993118,Jouni Lehtimäki,Jouni Lehtimäki,≤100,8
112647521722168,Kari Riihola #arjenpolitiikkaa,Kari Riihola,≤100,4
517701881670431,Riikka Pakarinen,Riikka Pakarinen,≤100,3
106560221188621,Jonna Weckström,Jonna Carita Weckström,≤100,1
120478494767491,Jyrki Mäkynen - Eduskuntavaaliehdokas 2023,Jyrki Mäkynen,≤100,4
100410658711521,Anna Sahiluoma,Anna Sahiluoma,≤100,5
237721387390,Pirkanmaan Kokoomus,Pirkanmaan Kokoomus,≤100,8
111579466855161,Kaakkois-Suomen tieteen ja teknologian vihreät,Kaakkois-Suomen tieteen ja teknologian vihreät,≤100,1
107558955043700,Matti Rinnekangas Perussuomalaiset,Kari Tapani Laurila,≤100,3
367893799934671,Joonas Könttä,Joonas Könttä,≤100,11
416727495043633,Sakari Pääkkö,Sakari Juho Johannes Pääkkö,≤100,4
187533664613953,Ammattiliitto Pro,Ammattiliitto Pro,≤100,9
412912292390035,Dimitri Qvintus,Dimitri Antti Qvintus,≤100,2
393536527693016,Markus Myllyniemi,Markus Myllyniemi,≤100,6
474666389342298,Liberaalipuolue,Liberaalipuolue – Vapaus valita r.p,≤100,3
650444368472840,Politiikkaa Kari Markkola,Kari Markkola,≤100,5
173116522742529,Antti Lindtman,Antti Lindtman,≤100,1
236956296378053,Ekopaasto,Suomen evankelis-luterilainen kirkko,≤100,21
100169276306386,Sture Fjäder,Sture Fjäder,≤100,7
162877863740573,Pohjois-Pohjanmaan Keskusta,Pohjois-Pohjanmaan Keskusta,≤100,10
275168389198010,Ehkäisevä päihdetyö EHYT ry,Ehkäisevä päihdetyö EHYT ry,≤100,1
254403722807,BirdLife Suomi,BirdLife Suomi,≤100,2
353529514857561,Eva Biaudet,SFP i Helsingfors,≤100,6
231250833663601,SDP Helsinki,Helsingin Sosialidemokraatit ry,≤100,4
101818301898067,Oscar Byman,Oscar Byman,≤100,8
1681238785434877,Petri Graeffe,Petri Tapani Graeffe,≤100,4
157614802920,Kristillisdemokraatit,Kristillisdemokraatit,≤100,5
1653935188242736,"Timo Viitanen, poliitikko",Merja Viitanen,≤100,2
104383542557195,Liike Nyt Uusimaa,Liike Nyt Uusimaa,≤100,1
104430814996110,Petri Laaksonen,Petri Laaksonen,≤100,2
115790951436273,Viinit ruokakauppaan,Päivittäistavarakauppa ry,≤100,1
355748968891337,Sanna Rissanen - Rissaska,Sanna Marja Annukka Rissanen,≤100,6
275873756419030,Reija Friman,Reija Friman,≤100,2
108692297531425,JonnaParviainen,Jonna Parviainen,≤100,4
356301551123582,SFP i Österbotten,Svenska folkpartiet i Österbotten r.f.,≤100,4
161632602242,Demarinaiset,Demarinaiset,≤100,5
723569781049029,Myä päätetää - Joona Mielonen,Mielonen Joona Pekka,≤100,2
233935341288514,Elisa Aaltola,Elisa Aaltola,≤100,3
108538215848910,Länsi-Uusimaa,Länsi-Uusimaa,≤100,9
388413937898474,Jere Nuutinen,Jere Nuutinen,≤100,3
268129704022,Lapin Kokoomus,Lapin Kokoomus ry,≤100,11
912450812223883,Peppi Seppälä,Peppi Seppälä,≤100,2
105392194739899,Vilma Viitasaari,Vilma Viitasaari,≤100,7
245926726282734,Tiedevaalit,Tiedevaalit,≤100,13
104674948336528,Janne Jukkola,Janne Jukkola,≤100,8
414563512240843,Oskari Valtola,Oskari Valtola,≤100,5
1469210416687295,Marcus Rantala,Marcus Rantala,≤100,3
116383805046145,Aamuposti,Aamuposti,≤100,10
111842803767138,Riitta Koivula,Riitta Liisa Katariina Koivula,≤100,1
1806983809518838,Matleena Käppi,Matleena Käpin tukiyhdistys,≤100,3
634822833281772,Ville Valkonen,Ville Kalervo Valkonen,≤100,1
136656729733568,YIT Suomi,YIT Suomi,≤100,1
1145179165528331,Niina Alho,Niina Alho,≤100,2
100827645122256,Anniina Iskanius,Anniina Iskanius,≤100,4
100745425775932,Harri Pikkarainen,Harri Olavi Pikkarainen,≤100,8
429466253758989,Jenni Pitko,Jenni Pitko,≤100,2
346798762086272,Pirkanmaan Vihreät,Pirkanmaan vihreät,≤100,2
237476576707456,Esa Annala - politiikkaa vasemmalta,Esa Annala,≤100,1
102566909780881,Reilu kauppa,Reilu kauppa,≤100,4
21016374916,Katja Andrejev,Katja Andrejev,≤100,4
205605269911704,Simon Granroth,Simon Granroth,≤100,7
2187282831391946,Miko Bergbom,Miko Bergbom,≤100,2
896155923814442,Elisa Gebhard,Elisa Gebhard,≤100,2
695618953844243,Inhimillisiä Uutisia,Inhimillisiä Uutisia,≤100,1
229780797136945,Raaseporin Vasemmisto ry,Jari Pekka Parkkonen,≤100,2
109636804550583,Gashaw Bibani - Ehdolla eduskuntaan,Gashaw Bibani,≤100,4
1558533117508314,Juri Juristi Aaltonen SDP Uusimaa,Juri Aaltonen,≤100,9
112754607889573,Nina Korventaival,Nina Maaria Korventaival,≤100,3
164140805263467,Ella Partanen,Ella Partanen,≤100,4
101625471996074,Tuomo Kondie,Tuomo Feodor Kondie,≤100,4
102284782767840,Juha Beurling-Pomoell,Juha Beurling-Pomoell,≤100,1
110232881121159,Frans Villanen,Frans Alexander Villanen,≤100,3
180708511964032,Li Andersson,Li Sigrid Andersson,≤100,4
104823962105254,Antti Ollikainen,Antti Ollikainen,≤100,4
334608399882600,Olli Immonen,Olli Juhani Immonen,≤100,1
176972545646377,Veli Liikanen,Lilkanen Veli Ilmari,≤100,2
172659206933,Svensk Ungdom - RKP-nuoret,Svensk Ungdom - RKP-nuoret,≤100,3
243988403384,Docendo,Docendo Oy,≤100,3
809307089097696,Eutanasialain puolesta,Oikeus Arvokkaaseen Kuolemaan ry,≤100,14
1268207243223098,Shamsul Alam,Shamsul Alam,≤100,1
108926508776159,Konstantin Kouzmitchev,Konsta Kouzmitchev,≤100,2
623408087790246,Harri Koskela,Harri Koskela,≤100,3
175397926133340,Bella Forsgrén,Bella Forsgrén,≤100,5
106355131937860,Saara Karjalainen - Ehdolla eduskuntaan,Saara Aino Inkeri Karjalainen,≤100,5
232815610172259,Eero Heinäluoma,MEP Eero Heinäluoma S&D,≤100,5
180273268847212,Savo-Karjalan Kokoomus,Savo-Karjalan Kokoomus,≤100,5
328422650914892,Mika Kasonen - Kokoomus,Mika Kasonen,≤100,6
122600251127701,Sari Sarkomaa,Sari Sarkomaa,≤100,4
252329362124381,Vaikuta Nyt,Vaikuta Nyt,≤100,3
100649398595134,Emma-Stina Vehmanen,Emma-Stina Vehmanen,≤100,3
362064961211,Vihreät nuoret,Vihreiden nuorten ja opiskelijoiden liitto ry,≤100,1
1322982974493035,Vaalikone - uskonnonvapaus.fi,Vaalikone - uskonnonvapaus.fi,≤100,1
667310466782778,Laura Meriluoto politiikassa,Laura Meriluoto,≤100,1
108428567990369,Turunen Jaana,Turunen Jaana,≤100,5
103544381869962,Anu Karvinen - Ehdolla eduskuntaan,Anu Katariina Karvinen,≤100,3
161600883903692,Diakonia-ammattikorkeakoulu,Diakonia-ammattikorkeakoulu,≤100,4
8265674748,Suomen Lähetysseura,Suomen Lähetysseura,≤100,21
111005869699,Kirkon Ulkomaanapu,Kirkon Ulkomaanapu,≤100,28
166424006744502,Liberal Praktik,Svenska Bildningsförbundet rf,≤100,8
105149421577142,"Juha-Matti ""Juice"" Mustonen",Juice Mustonen,≤100,9
469637716400290,Saana Vahvelainen,Saana Vahvelainen,≤100,4
108591868611816,Matti Kotiranta,Matti Kotiranta,≤100,2
118714761478292,Keski-Uusimaa,Keski-Uusimaa,≤100,7
1425108367791147,Otto Andersson,Otto Anton Andersson,≤100,1
520436535056916,Kansanedustaja Kristian Sheikki Laakso,Kristian Sheikki Laakso,≤100,1
146952198665788,Tytti Tuppurainen,Tytti Tuppurainen,≤100,2
106279736072242,SFP i Helsingfors,SFP i Helsingfors,≤100,5
587484355247473,Venla Väli-Torala,Venla Väli-Torala,≤100,9
110017327942815,"Mikko Piirtola - Pari pykälää parempi päättäjä, Sinun asiasi ajaja",Seedi Oy,≤100,3
286863584660205,Kuopion Vihreät,Kuopion Vihreät r.y.,≤100,3
1084013951804482,Kaapo Haapanen,Kaapo Haapanen,≤100,2
1771705416188362,Jocka Träskbäck - ryhtiliike politiikkaan,Jocka Träskbäck,≤100,6
187930584589013,Espoon Vasemmisto,Espoon Vasemmisto,≤100,2
710246835725639,"Mika Byman, poliitikko","Mika Byman, poliitikko",≤100,1
971231496340520,Emma Lindqvist,Lindqvist Emma Uuna Pauliina,≤100,3
107780645463766,Katariina Leino - ehdolla eduskuntaan,Katariina Leino - ehdolla eduskuntaan,≤100,5
108413135499873,"Johannes Lahtela eduskuntaan 2023, Uusimaa",Johannes Lahtela,≤100,2
115298981467329,Pauli Hentunen,Pauli Hentunen,≤100,3
202285233124880,S-Pankki,S-Pankki,≤100,1
112800560850699,Lotta Vainiola,Lotta Sofia Katariina Vainiola,≤100,2
100524678458401,Tanja Norrena poliitikko,Tanja Norrena,≤100,3
473376463175378,Sari Somppi,Sari Somppi,≤100,1
153374888023578,Fingo - Suomalaiset kehitysjärjestöt,Fingo - Suomalaiset kehitysjärjestöt,≤100,8
1765523707098907,Perttu Jussila,Perttu Jussila,≤100,2
117947674527232,Ilkka Kantola,Ilkka Tapani Kantola,≤100,6
302941236400380,Pakolaisneuvonta ry - Refugee Advice Centre,Pakolaisneuvonta ry - Refugee Advice Centre,≤100,7
262840131357,Changemaker Finland,Changemaker Finland,≤100,2
103892705251550,Johan Bardy,Johan Bardy,≤100,2
1808569086119208,Niklas Guseff Politik,Niklas Georg Guseff,≤100,3
104138528396386,Adam Al-Sawad,Muhammad-Adam Al-Sawad,≤100,2
209080945038,Pia Lohikoski,Pia Lohikoski,≤100,3
105081839141336,Markus Eerola,Anton Hietsilta,≤100,3
259651311385418,Auri Saarelainen,Auri Saarelainen,≤100,2
1489307738014172,Mikko Kärnä,Mikko Eino Johannes Kärnä,≤100,1
101276435345800,Ville-Veikko Elomaa,Ville-Veikko Elomaa,≤100,8
107924141030716,KD Rautalampi,Päivi Helena Eklund,≤100,1
1439885896252667,Sanni Grahn-Laasonen,Sanni Grahn-Laasonen,≤100,1
105505681512500,Markku Rantahalvari,Markku Rantahalvari,≤100,3
386188801434445,Sini Ruohonen,Tulevaisuuden Turku ry,≤100,2
1022771864558414,Ossi Tiihonen poliitikko,Ossi Tiihonen,≤100,2
100691535364363,Sara Koiranen,Sara Koiranen,≤100,2
100851836215888,Heidi Jaari,Heidi Jaari,≤100,1
445988248775782,Simo Grönroos,Gronroos Simo Juhani,≤100,5
374003438389,Itä-Häme,Itä-Häme,≤100,5
963523287006499,Vantaan Demarit,Vantaan Sosialidemokraattinen Kunnallisjärjestö ry,≤100,13
322478695679,Länsi-Savo,Kaakon Viestintä Oy,≤100,6
766908830025129,SDP Keski-Suomi,SDP:n Keski-Suomen piiri ry,≤100,4
100585405732782,Poliitikko Sebastian Lohja,Sebastian Lauri Konstantin Lohja,≤100,1
121791911211915,Kulttuurivihkot,Elias Krohn,≤100,1
100147899173351,Psykologi Julia Sangervo,Julia Josefiina Sangervo,≤100,1
1209695319084067,Linda Brandt-Ahde,Linda Brandt-Ahde,≤100,6
103219531821285,VirkkunenKatri,Katri Virkkunen,≤100,4
157359987610086,Sipoon Sanomat,Sipoon Sanomat,≤100,9
101539335053485,Eveliina Leskelä,Eveliina Leskelä,≤100,2
148387291884447,Pohjois-Savon Keskustanuoret,Pohjois-Savon keskustanuoret,≤100,5
277417609594520,Kauko Turunen poliitikko,"Kauko Turunen, Parkano",≤100,5
171316022901043,Antti Kurvinen,Antti Kurvinen,≤100,4
349018408636314,Terhi Koulumies,Terhi Koulumies,≤100,1
116843748342723,Uusimaa,Uusimaa,≤100,6
335993686491650,Saara-Sofia Sirén,Saara-Sofia Sirén,≤100,5
106071491556767,Pekka Timonen - Poliitikko,Pekka Timonen,≤100,1
225884407819225,Henri Uljonen,Henri Uljonen,≤100,2
101362296187239,Maura Häkki eduskuntaan 2023,Maura Häkki,≤100,4
73058825356,Arto Satonen,Arto Olavi Satonen,≤100,1
2188195044730401,Mervi Katainen,Mervi Katainen,≤100,2
102763568449538,Otto Suhonen - Otollinen valinta eduskuntaan,Otto Suhonen,≤100,2
109889334881457,Eveliina Kujanpää,Eveliina Sofia Kujanpää,≤100,3
104902131603099,Marika Puolimatka,Marika Hannele Puolimatka,≤100,3
214948198521159,Satakunnan Keskusta,Satakunnan Keskusta,≤100,4
131524090233337,Turun Sanomat,Turun Sanomat,≤100,1
101012025359685,Valtter Tahkola,Valtter Tahkola,≤100,1
110930434987168,Johanna Ekman - Kansanedustajaehdokas 2023 PS,Johanna Else Anneli Ekman,≤100,1
103405485089956,"Lahden kaupunginvaltuutettu Tuija Saloranta, OTM, varatuomari",Tuija Maarit Saloranta,≤100,1
1842547242530925,Ville Väyrynen Poliitikko,Ville Mikko Juhana Väyrynen,≤100,1
101973681947536,Ella Keski-Panula,Ella Helena Keski-Panula,≤100,2
102377388467222,"Eeva Hiila, SDP Vihti",Vihdin Demarit,≤100,2
104418794504506,LähiTapiola Kiinteistövarainhoito,LähiTapiola Kiinteistövarainhoito,≤100,2
354116985566989,Karoliina Partanen - sinun asiasi ajaja,Karoliina Partanen,≤100,3
108584877967919,Ilkka Viljanen poliitikko,Ilkka Viljanen,≤100,3
227075896125,Paula Risikko,Paula Risikko,≤100,1
106685591075861,Valitse Jyri Saastamoinen,Jyri Saastamoinen,≤100,3
328597880877516,Sami Ryynänen,Sami Ryynänen,≤100,6
103903565026184,Joni Määttä,Joni Määttä,≤100,2
102626225365927,CO₂ncrete Solution,Betoniteollisuus ry,≤100,1
292611094275509,Alviina Alametsä,Alametsae Pauliina Viivi Alviina,≤100,3
1961548777206558,Perussuomalaisten Hämeen piiri ry,Perussuomalaisten Hämeen piiri ry,≤100,1
803596373025380,Satu Taavitsainen,Taavitsainen Satu Johanna,≤100,7
663505500519694,Johanna Hasu - Eduskuntavaaliehdokas,Johanna Hasu,≤100,4
168275609876566,Inka Hopsu,Inka Hopsu,≤100,3
115073553567731,Jyvässeudun palkansaajademarit ry,Jyvässeudun palkansaajademarit ry,≤100,1
104652451289126,Katja Ylisiurua,Katja Ylisiurua,≤100,7
104518035021528,Saana Kuusipalo,Saana Kuusipalo,≤100,2
110959555683831,Akavan Erityisalat,Akavan Erityisalat,≤100,13
1031256247077382,Petri Juurakko eduskuntavaaliehdokas 2023 Vaasan vaalipiiri,Erja Gadd,≤100,4
169065407139584,Tilt,Tilt,≤100,1
194897307433,Oikeutta eläimille,Oikeutta eläimille,≤100,1
2036235769791285,Ari Koponen,Ari Juhani Koponen,≤100,2
312370502489979,Loviisan Sanomat,Loviisan Sanomat,≤100,8
164809043541187,Aleksi Jäntti,Aleksi Jäntti,≤100,1
149659488413929,Juha Rehula (poliitikko),Juha Tapani Rehula,≤100,1
160515170666877,Savo-Karjalan vihreät,Savo-Karjalan Vihreät,≤100,2
165915263483389,Jari Miranda,Jari Miranda,≤100,2
101340986172248,"Petteri Redsven eduskuntavaaliehdokas, Liike Nyt, Hämeen piiri","Petteri Redsven eduskuntavaaliehdokas, Liike Nyt, Hämeen piiri",≤100,2
1572653312978362,Kuopion Kristillisdemokraatit - KD Kuopio,Kuopion Kristillisdemokraatit - KD Kuopio,≤100,4
640576009478122,Sanna Kivineva Porvoon Vihreät,Sanna Kivineva,≤100,3
420657564935793,Harri Virtanen kansanedustajaksi,Harri Virtanen,≤100,2
158571127556917,SDP Valkeakoski,Sdp Valkeakoski,≤100,1
156636781043514,Keskustan Etelä-Pohjanmaan piiri,Keskustan Etelä-Pohjanmaan piiri ry,≤100,2
109218617990632,Sami Ragnell Liike Nyt,Sami Ragnell,≤100,2
530396980791609,Ett framgångsrikt Österbotten r.f,Ett framgångsrikt Österbotten r.f,≤100,6
830926530299429,Halttusen Jari,Nina Maarit Välimäki,≤100,1
124767900874820,Kaakkois-Suomen Vihreät,Kaakkois-Suomen vihreät,≤100,1
107304968493767,Jukka Hämäläinen eduskuntavaaliehdokas 2023,Jukka Pekka Hämäläinen,≤100,2
315913915173701,"Joni Meriläinen, eduskuntavaaliehdokas",Joni Meriläinen,≤100,3
777815458972138,Joakim Strand,Matias Toukonen,≤100,1
112591638339181,wejustcare.fi,Rasmus Lindroos,≤100,1
106705672206826,Poliitikko Ralf Björklund,Ralf Christian Wilhelm  Björklund,≤100,2
205830594734,Svenska litteratursällskapet i Finland r.f.,Svenska litteratursällskapet i Finland r.f.﻿,≤100,2
116765417987723,Eveliina Lohko -Kohti eduskuntaa,Eveliina Lohko,≤100,2
115087273262048,Veera Granroth,Veera Granroth,≤100,3
1582238438669931,Säde Tahvanainen,Säde Tahvanainen,≤100,5
302959147221497,Liban Sheikh,Liban Sheikh,≤100,1
128922900584790,Juha Hänninen,Juha Pekka Hänninen,≤100,1
113398820097,Pelastakaa Lapset,Pelastakaa Lapset ry,≤100,1
105917232410867,Eduskuntavaaliehdokas Leevi Pursiainen,Leevi Pursiainen,≤100,6
538822456555818,Jani Kokko,Jani Tapani Kokko,≤100,3
2254073431484131,Pihla Keto-Huovinen,Pihla Keto-Huovinen,≤100,1
100663339553563,Filip Schauman,Filip Schauman,≤100,1
1515348818739827,Pasi Kivisaari kansanedustaja,Pasi Kivisaari,≤100,2
730847103593100,Ozan Yanar,Ozan Yanar,≤100,3
146532142114269,Hämeenlinnan Kokoomus,Hämeenlinnan Kokoomus,≤100,1
1203737119793805,Taru Hallikainen,Taru Hallikainen,≤100,2
168660743577147,Eduskuntavaaliehdokas Elina Nykyri,Elina Nykyri,≤100,4
100211631984253,Heikki hoitaja Korppi eduskuntaan 2023,Heikki Korppi,≤100,2
110654724793003,Frida Forsblom-Prittinen Sfp/Rkp,Frida Anna-Helena Forsblom-Prittinen,≤100,1
105885194895414,Timo Furuholm,Timo Furuholm,≤100,2
1189700061194767,Jarmo Haapaniemi Poliitikko,Jarmo Johannes Haapaniemi,≤100,1
100547305507785,Liike Nyt Satakunta,Niko Viinamäki,≤100,1
1630242193904444,Minja Koskela,Minja Koskela,≤100,3
370574103077991,Lääketeollisuus,Lääketeollisuus,≤100,2
108276585912706,Keski-Suomen Vasemmisto,Keski-Suomen Vasemmisto,≤100,4
268670670234757,Ramieza Mahdi,Ramieza Mahdi,≤100,4
105583098679313,Ilkka P Pilpola,Ilkka Petteri Pilpola,≤100,5
109752041853195,Piia Olkinuora,Piia Olkinuora,≤100,4
220979494594748,Kuntarekry.fi,Kuntarekry,≤100,2
103965177698459,Elma Hyöky,Elma Hyöky,≤100,1
275406849257636,Savo-Karjalan Sosialidemokraatit,Savo-Karjalan Sosialidemokraatit,≤100,3
1540440609592822,Seppo Sorvari,Seppo Sorvari,≤100,1
150712651078,Lapin Vihreät ry - Lappi Ruonát rs,Lapin Vihreät ry - Lappi Ruonát rs,≤100,2
149985558872,Suomen Pakolaisapu - Finnish Refugee Council,Suomen Pakolaisapu - Finnish Refugee Council,≤100,4
112380300311180,Ida-Susanna Pöllänen - Ehdolla eduskuntaan,Ida-Susanna Pöllänen - Ehdolla eduskuntaan,≤100,2
2276362489264688,Roope Rantala - Kokoomus,Roope Rantala,≤100,1
271130619606974,Timo Heinonen - kansanedustaja,Timo Heinonen,≤100,2
288822241171807,Virva-Mari Rask,Virva-Mari Rask,≤100,2
109381364928469,Marja Ahava - poliitikko,Marja Sinikka Katariina Ahava,≤100,1
1847686052110731,Jatta Juhola kansanedustajaehdokas,Jatta Juhola,≤100,1
114452644874019,Juha Malinen,Juha Heikki Olavi Malinen,≤100,2
307630522946461,Auli Piiparinen,Auli Piiparinen,≤100,3
231999320540153,Lotta Laaksonen,Lotta Laaksonen,≤100,1
416956821974741,Mari Ikonen,Mari Ikosen tukiryhmä,≤100,3
100318388909127,Jonathan Hemming - Vihreät De Gröna,Jonathan Hemming,≤100,1
1856641681287174,Mikko Korkeakoski,Mikko Korkeakoski,≤100,8
2015686778659015,Juha Pitkänen,Pitkanen Juha Oskari,≤100,2
110233617808359,Satakunnan vihreät,Satakunnan vihreät ry,≤100,3
106322585651504,"Satu Paananen, Eduskuntavaaliehdokas, Salo, LiikeNyt","Satu Paananen, Eduskuntavaaliehdokas, Salo, LiikeNyt",≤100,5
405228120312949,Henrika Palenius,Henrika Palenius,≤100,2
104031029288259,Virpi Ali-Haapala,Virpi Inkeri Ali-Haapala,≤100,1
106212021818274,Maarit Vierunen,Maarit Hannele Vierunen,≤100,2
117655354983768,Etelä-Saimaa,Etelä-Saimaa,≤100,5
113198351631253,Jussi-Matti Hilli - Poliitikko,Jussi-Matti Kalevi Hilli,≤100,2
360701057340725,Mari Lahti,Mari Lahti,≤100,2
102499559402996,Pasi Heikkinen - Eduskuntavaaliehdokas 2023,Pasi Petri Heikkinen,≤100,3
205232256181482,Arabian-Käpylän-Viikin Vihreät,Arabian-Käpylän-Viikin vihreät,≤100,2
351679088241560,Janne Heikkinen,Janne Heikkinen,≤100,4
426112290766419,Ville Jalovaara,Jalovaara Ville,≤100,1
124905407537262,Nuorisoseurat,Nuorisoseurat,≤100,2
1657811841179377,Satu Lindgren - Eduskuntavaaliehdokas,Satu Hannele Lindgren,≤100,1
1860665240697552,Johan Kvarnström,Johan Birger Matias Kvarnström,≤100,1
105180932464838,Rauli Kukkamaa - PS - Lappi,Rauli Tapio Jaakko Kukkamaa,≤100,1
107111462655596,Länsiväylä,Länsiväylä,≤100,1
275087372595909,Outi Huusko,Outi Huusko,≤100,4
355695141779,Itä-Savo,Kaakon Viestintä Oy,≤100,5
1620370274865625,TS Mediamyynti,Turun Sanomat,≤100,1
286521901512868,Mikael Ropo,Ropo Mikael Leo Olavi,≤100,2
112498744216883,Niko Viinamäki,Niko Viinamäki,≤100,2
349465665147909,Marjo Mäkinen-Aakula - edustajasi,Marjo Mäkinen-Aakula,≤100,1
106345809037654,Harri Seppälä - Voimme tehdä tekoja,Harri Seppälä,≤100,3
101180625252827,Marcus Toppari,Marcus Toppari,≤100,1
394231784419996,Leena Meri,Leena Meri,≤100,1
113545734932073,Marja Lindberg SFP RKP,Marja Lindberg SFP RKP,≤100,2
313446055362211,Tampereen Seudun Vihreät Naiset ry,Tampereen seudun vihreät naiset,≤100,3
276167006065914,Manolis Huuki,Huuki Manolis Anton,≤100,1
271092384284,Keski-Suomen Kokoomus,Keski-Suomen Kokoomus,≤100,1
182101125174279,TAMMI,These ads ran without a disclaimer,≤100,1
356515104370992,Joona Räsänen,Joona Juhani Räsänen,≤100,2
1074674059344688,Terhi Vörlund-Wallenius,Terhi Vörlund-Wallenius,≤100,3
191333111298937,Minerva Kastehelmi,Pihla Minerva Kastehelmi,≤100,2
1126011764186535,SDP Pori,Porin sosialidemokraattinen kunnallisjärjestö ry,≤100,1
355820781833413,EPT-verkosto,EPT-verkosto,≤100,1
1380023342235751,Janika Takatalo,Takatalo Janika Emmi Kristiina,≤100,9
285083938272584,Henrik Vuornos,Henrik Vuornos,≤100,1
1952930291514917,Noora Koponen,Noora Koponen,≤100,1
163999300662139,Laura Pullinen,Laura Pullinen,≤100,2
104036595474846,Mika Lartama PS,Mika Juhani Lartama,≤100,3
572374492957488,Eva-Lena Gästrin,Eva-Lena Gästrin,≤100,10
195534363813763,Posti,Posti,≤100,1
100587622462038,Soile Eriksson,Soile Eriksson,≤100,1
100452085439970,KD Savonlinna,Kari Pölönen,≤100,2
1877975465818521,Pia Kuparinen PS,Pia Marjaana Kuparinen,≤100,2
1227535887269077,Tomas Björkroth,Tomas Bjorkroth,≤100,3
105081839141336,Markus Eerola,Markus Mauri Pellervo Eerola,≤100,1
484333571947103,Joonas Immonen,Joonas Jasu Petteri Immonen,≤100,1
102342535322398,Timo Kallio,Timo Kallio,≤100,1
101797372817779,"Harry Ruotsalainen, eduskuntavaaliehdokas",Harry Ruotsalainen,≤100,1
335044340406795,Anni Teerikangas Vihreät,Anni Teerikangas,≤100,3
1406827649361995,Matti Vesa Volanen,Matti Volanen,≤100,1
1743461975762131,Tuula Väätäinen,Tuula Väätäinen,≤100,2
365403744208666,Katja Isomöttönen,Katja Isomöttönen,≤100,3
186454048855,Kansan Uutiset,Kansan Uutiset Oy,≤100,2
532770767063934,Santeri Ala-Röyskö,Santeri Ala-Röyskö,≤100,6
73855994623,Maailma.net,Maailma.net ry,≤100,2
1584297174923704,Arene ry,Ammattikorkeakoulujen rehtorineuvosto Arene ry,≤100,1
107086122672929,Savon Sanomat,Savon Sanomat,≤100,6
111145281424076,Jaakko Ikonen -poliitikko,Jaakko Juhani Ikonen,≤100,1
103244029303827,Kalle Pusa,Kalle Pusa,≤100,3
103572025088274,Akseli Ekola eduskuntaan 2023,Akseli Ekola,≤100,1
115185824792387,Kati Jaakonen - eduskuntavaaliehdokas,Kati Jaakonen,≤100,1
190812548384503,Sirkku Hildén,Sirkku Hildén,≤100,5
187093477974252,Anders Wikström - Riksdagen 2023 Eduskuntaan,Anders Wikström - Riksdagen 2023 Eduskuntaan,≤100,4
293493520082,Kalevi Sorsa -säätiö,Kalevi Sorsa -säätiö,≤100,1
1796390143948824,Ville Kaunisto,Ville Kaunisto,≤100,1
104362234870629,Mervi Turunen,Mervi Turunen,≤100,1
159315454207327,Silja Keränen,Silja Keräsen tukiryhmä,≤100,2
260320667414347,Maria Ohisalo,Maria Ohisalo,≤100,4
196787204541798,Aila Asikainen KD,Asikainen Aila Tuulikki,≤100,1
150360151687243,Pohjanmaan Vasemmisto,Pohjanmaan Vasemmisto ry,≤100,3
192210228734,Kouvolan Sanomat,Kaakon Viestintä Oy,≤100,3
104812232433755,Mikko Luomala,Mikko Luomala,≤100,3
100446957986030,Janne Hirvasvuopio,Janne Hirvasvuopio,≤100,2
295449017790527,Tuire Kaimio,Tuire Eriikka Kaimio,≤100,3
126757820675243,KSML.fi - Keskisuomalainen,Keskisuomalainen,≤100,6
1267778906604245,Piia Nurmela - Rohkeutta toimia,Piia Nurmela,≤100,2
100290348677912,Christa Carpelan - Eduskuntavaaliehdokas,Christa Carpelan,≤100,7
108946641293949,"Mikko Luomala, poliitikko",Liike Nyt Espoo Ry,≤100,3
703792176458721,Henna Takatalo,Henna Takatalo,≤100,1
293583744636957,Marja Berg,Marja Berg,≤100,1
454762371229005,Elin Blomqvist-Valtonen,Elin Blomqvist-Valtonen,≤100,3
102252162314975,Olli Salmi eduskuntavaaliehdokas,Olli Tapani Salmi,≤100,1
190786648165832,Jasmin Määttä,Jasmin Määttä,≤100,1
340640335962454,Jenna Simula,Jenna Simula,≤100,1
152603821504784,SFP i Esbo / RKP Espoo,SFP i Esbo,≤100,1
105869935738552,Petri Roininen,Petri Roininen,≤100,1
355081261180832,Uudenkaupungin Perussuomalaiset ry,uudenkaupungin perussuomalaiset ry,≤100,4
146184822119120,Tiina Elo,Elo Tiina Susanna,≤100,2
425842050800204,Tiina Sandberg - sivu,Sandberg Tiina Maria,≤100,3
251378475314972,Jarkko Santala,Jarkko Santala,≤100,1
696989460673762,Taru Reinikainen,Taru Reinikaisen tukiyhdistys ry,≤100,1
272647342835936,Henna Partanen,Henna Partanen,≤100,2
823788047675556,Call of War,These ads ran without a disclaimer,≤100,2
310886696101,Pohjois-Pohjanmaan Kokoomus,Pohjois-Pohjanmaan Kokoomus,≤100,3
100595109104942,Eduskuntavaaliehdokas Piia Kilpeläinen-Tuoma,Piia Kilpeläinen-Tuoma,≤100,2
417579194987109,Sanna Antikainen,Sanna Antikainen,≤100,2
105324375798785,Sanni Montonen - Kansanedustajaehdokas,Sanni Montonen - Kansanedustajaehdokas,≤100,1
106840292319974,Pertti Hemmilä,Pertti Hemmilä,≤100,1
482712555591121,Teemu Soini,Teemu Soini,≤100,2
107871524684062,Haapaveden Vasemmisto,Outi Pekkala,≤100,1
109962725825439,Johanna Nuorteva,Johanna Nuorteva,≤100,1
101074772904941,Minna Nurmi,Minna Maria Nurmi,≤100,2
692240797610685,Niilo Nissinen,Niilo Nissinen,≤100,9
295576507787572,Juhana Lähdesmäki poliitikko - Kd,Juhana Lähdesmäki,≤100,1
101529102578642,Riikka Seppänen - Kansanedustajaehdokas Kainuusta,Renita Bogel,≤100,3
1121601694542879,Hannele Saari KD Häme,Hannele Saari,≤100,1
102433978197339,Kansanedustajaehdokas Janne Luoma-aho PS,Janne Luoma-aho,≤100,1
112332648403524,Sami Keskinen Arkadianmäelle,Sami Keskinen,≤100,1
1323466701048852,Acer for Education EMEA,These ads ran without a disclaimer,≤100,1
188627167849573,Kymen Sanomat,Kaakon Viestintä Oy,≤100,4
1676542045972180,Perttu Helin,Perttu Tapani Aleksei Helin,≤100,4
288793568450945,Kilpirintama,Marko Kilpi,≤100,6
141612335888172,Sulava,These ads ran without a disclaimer,≤100,1
1862495563993265,Vesa Linnanmäki,Vesa Jaakko Linnanmäki,≤100,3
111546021395491,Tapio Honkamaa - Eduskuntavaaliehdokas,Topi-Viljam Tapio Honkamaa,≤100,3
110858764096689,"Heli Koponen, Vasemmistoliitto",Heli Koponen,≤100,1
101790495186939,Maaret Castren,Maaret Castren,≤100,1
567009523720659,Eemeli Lehtinen,Elena Anna Maria Nielsen,≤100,1
102241098177169,Eetu Saarenpää,Eetu Saarenpää,≤100,1
1609073132649300,USKOT-foorumi,USKOT-foorumi,≤100,2
1461538363888692,Anita Westerholm,Anita Westerholm,≤100,1
105486271716221,Joni Mörk poliittista vaikuttamista,Joni-Petri Mikael Mörk,≤100,1
104955478852013,Juha Korhonen Politiikka,Juha Tapani Korhonen,≤100,1
101087292009882,Aapo Reima - Vasemmistoliitto,Aapo Reima,≤100,4
106076222337554,Juha Viitala eduskuntaan,Juha Viitala,≤100,1
617733068345315,Mikkel Näkkäläjärvi,Nakkalajarvi Mikkel Antte Iisakki,≤100,4
552220341545416,Ida Jungell,Ida Jungell,≤100,1
212964605800309,Milla Bruneau,Milla Bruneau,≤100,4
777531108951377,Satakunnan Perussuomalaiset,Markku Palomäki,≤100,2
116439721336238,Jarmo Lindberg,Jarmo Lindberg,≤100,1
118360599615189,Maria Huhmarniemi - taide ja vihreä politiikka,Maria Huhmarniemi,≤100,1
108474071686282,Reetta Tanila-Järvinen,Reetta Maria Tanila-Järvinen,≤100,1
316590848413914,Jacob Storbjörk - SDP,Jacob Johan Storbjörk,≤100,1
198817806799305,Warkauden Lehti,Warkauden Lehti,≤100,4
370446290182913,Heidi Sakari PS,Heidi Annika Sakari,≤100,2
271743206581459,Teemu Purojärvi - Perussuomalaiset,Teemu Purojärvi,≤100,1
169043710268576,Lilli Kahri,Lilli Kahri,≤100,1
100758912172131,Cooperative 3E,Osuuskunta ura- ja ajatushautomo 3E,≤100,4
167646186591465,Krista Mikkonen,Krista MIkkonen,≤100,1
769710163090426,Sara Seppänen - PS - Lappi,Sara Seppänen,≤100,1
100796396231917,Asko Niemelä,Asko Niemelä,≤100,1
493736270642496,Eve Rämö,Eve Rämö,≤100,3
112361968438736,Risto Pirinen,Lauri Hyvärinen,≤100,3
107367558085990,Jaakko Haapamäki,Jaakko Haapamäki,≤100,1
1099534940062962,Kaitsu,Kai Pöntinen,≤100,1
393891721427370,Tomi Kaunismäki,Tomi Kaunismäki,≤100,1
101444085733942,Sami Rive - Eduskuntavaaliehdokas,Sami Seppo Juhani Rive,≤100,2
168324699852052,pieni ele,Pieni ele ry,≤100,1
1874164656015631,Petra Varjus,Petra Varjus,≤100,2
108491154709463,Markku Siponen,Markku Siponen,≤100,1
1418717018381086,Tere Sammallahti - Kokoomus - Uusimaa,Sammallahti Tere Andreas,≤100,1
146594745401444,Iisalmen Sanomat,Iisalmen Sanomat,≤100,3
2292739520955127,Joel Elmaci,Joel Elmaci,≤100,3
114892124849919,Tero Kanerva Liike Nyt,Tero Kanerva Liike Nyt,≤100,4
1778279962402349,Tieteellisten seurain valtuuskunta,Tieteellisten seurain valtuuskunta,≤100,2
117328080395114,Ville Tulkki,Ville Tulkki,≤100,2
522514861169312,Kallion Vasemmisto,Kallion Vasemmistoliitto ry,≤100,2
166787048882,SASK - Suomen Ammattiliittojen Solidaarisuuskeskus,Suomen ammattiliittojen solidaarisuuskeskus SASK,≤100,3
608807769313296,Tiina Isotalus,Tiina Susanna Isotalus,≤100,6
1194760853973095,Lohjan demarit,Pekka Räsänen,≤100,1
106735595667931,Pentti J. Rönkkö Kansanedustajaehdokas - KD,Pentti Rönkkö,≤100,1
166120050094740,Markus Lohi,Markus Samuli Lohi,≤100,2
908713169185916,KD Keski-Suomi,KD Keski-Suomi,≤100,1
1542631959324129,Vilho Hakala,Hakala Vilho Tapio,≤100,2
102627894904924,Sami Järvinen Ps,Sami Järvinen,≤100,1
1481965412047542,"Elisa Lientola, Vasemmistoliitto",Elisa Lientolan tukiryhmä,≤100,3
351583058252732,Poliitikko Ulla Kaukola,Ulla Kaukola,≤100,6
431442960327816,Suvi Karhu,Suvi Karhu,≤100,1
108089471372987,Eduskuntavaaliehdokas Hilma Vepsäläinen,Hilma Katariina Vepsäläinen,≤100,3
1318894224842064,Kaisa Kantele,Kaisa Kantele,≤100,1
299063170297375,Piritta Rantanen,Rantanen Piritta Maria Katariina,≤100,1
108272845068399,Henna Helmi Heinonen - politiikan seikkailija,Henna Helmi Inkeri Heinonen,≤100,2
116578015025356,Susanna Koski,Susanna Margit Koski,≤100,1
208532699307328,Uudenmaan Sosialidemokraatit,Uudenmaan Sosialidemokraatit Ry,≤100,1
139025269468502,Sari Niinistö,Sari Niinistö,≤100,5
101464375271559,Laura Tarvainen Vihreät,Laura Tarvainen Vihreät,≤100,2
106534182310655,Sonja Hietaranta - Eduskuntavaaliehdokas,Sonja Kristina Hietaranta,≤100,1
103081082718866,Olli-Pekka Mäkipeura,Jani Olli-Pekka Makipeura,≤100,1
251778381612692,Emmi Lintonen -poliitikko,Emmi Lintonen,≤100,1
106629258670998,Lassi Hakonen,Lassi Hakonen,≤100,4
263097881076961,Jiri Mäntysalo SKP,Jiri Mäntysalo,≤100,2
791299894297052,Kansanedustaja Jari Koskela,Jari Koskela,≤100,2
267370003693934,Tiina Wesslin - Vihreät,Tiina Wesslin,≤100,1
138423212895912,ao 200 demarit,ao 200 demarit,≤100,3
324856729165,Varsinais-Suomen Perussuomalaiset,Varsinais-Suomen Perussuomalaiset,≤100,2
444258336317437,Jakobstad Pietarsaari,Pietarsaaren kaupunki,≤100,2
2130351360550484,Terhi Simonen-Jokinen,Terhi Leena Maria Simonen-Jokinen,≤100,2
101417325759422,Nina Pauloaho,Nina Mickaela Pauloaho,≤100,1
197637330428028,Juha Richter,Juha Richter,≤100,1
193541797669081,Sotkamon Kokoomus Ry,Sami Mähönen,≤100,2
100557771813672,Sari Kumin,Sari Kumin,≤100,1
102834391191306,I-P  Ilkka-Pohjalainen,I-P  Ilkka-Pohjalainen,≤100,3
351237294958923,Forssan Kokoomus,Forssan Kokoomus ry.,≤100,1
113251190865146,Riina Bhatia,Riina Bhatia,≤100,1
127105617905935,Tulenkantajanaiset,Tulenkantajanaiset,≤100,4
102064842373738,Heikki Olenius,Heikki Kalevi Olenius,≤100,1
331178274269981,Ainutlaatuinen Saaristomeri,These ads ran without a disclaimer,≤100,1
101037661958473,Liikuntaehdokas Veli-Pekka Dufva,Anna Maija Aunola,≤100,1
1513989002110893,Mikko Kinnunen,Mikko Kinnunen,≤100,1
116061768056582,Ihan Pajalla - Pasi Järvilehto,Pasi Järvilehto,≤100,1
239352222831627,SFP Sibbo - RKP Sipoo,SFP Sibbo - RKP Sipoo,≤100,1
268563147129148,Timo Elo,Timo Elo,≤100,1
607537983034623,BIEN Finland - Suomen perustuloverkosto ry,BIEN Finland - Suomen perustuloverkosto ry,≤100,1
1358426517549092,Sohvi Sirkesalo,Sohvi Sirkesalo,≤100,1
2230702990586465,Karoliina Kähönen,Karoliina Kähönen,≤100,1
129082145514,Sari Essayah,Sari Miriam Essayah,≤100,1
108007898362899,Jaana Strandman Arjentekijä,Jaana Birgitta Strandman,≤100,1
102072273177850,Uutisvuoksi,Kaakon Viestintä Oy,≤100,1
115745171909257,Laura Ala-Kokko,Laura Sofia Ala-Kokko,≤100,2
276355106331685,Tia Seppänen,Tia Seppänen,≤100,3
104299332451488,Kansanedustajaehdokas Joni Parkkonen PS,Joni Tapio Parkkonen,≤100,1
100675452095870,Antti Heikkilä,Antti Heikkilä,≤100,1
113163341629328,Pauli Aalto-Setälä,Pauli Aalto-Setälä,≤100,1
100830249095837,Leena Mankkinen 2023,Leena Kristiina Mankkinen,≤100,1
257045532851,TAPIO,Tapio Oy,≤100,4
103310671938428,Matti Heikkilä,Matti Juhani Edvard Heikkilä,≤100,2
155837497763313,Janne Laulumaa,Janne Ilmari Laulumaa,≤100,1
541646375868442,Kuopion Keskusta,Keskustan Kuopion kunnallisjärjestö ry,≤100,2
273478482827383,Vasemmistoliiton Lapin piiri,Anette Elmiina Eksymä,≤100,2
200480966638039,Supremacy 1914,These ads ran without a disclaimer,≤100,1
358130104199708,EnergyVaasa,EnergyVaasa,≤100,1
341808423724092,Niina Laitinen Vasemmistoliitto,Niina Laitinen,≤100,1
1612886718798461,Itä-Hakkilan Sosialidemokraatit ry 1953,Tarja Eklund,≤100,1
547983346135847,Emilia Teerikangas,Emilia Teerikangas,≤100,1
107678807741248,Eerik Heijari eduskuntaan,Eerik Heijari,≤100,1
1206516426046063,Kasper Kivistö,Kasper Kivistö,≤100,4
105610777968268,Jussi Tauriainen,Jussi Tauriainen,≤100,1
1398137590434946,Anne Roponen,Anne Roponen,≤100,2
103739610014466,Satakunnan demarinuoret,Lounais-Suomen Demarinuoret,≤100,1
1569715913292949,Kansanedustajaehdokas Susanna Kisner,Krisner Susanna Heli Maaria,≤100,1
108846315410361,Henrik Dettmann,Henrik Dettmann,≤100,2
305298133430,Kokoomus Kaarina,Kokoomuksen Kaarinan Kunnallisjärjestö ry,≤100,1
106219704759437,Poliitikko Ville Auvinen,Auvinen Ville Ilari,≤100,1
1072045682916446,Virva Lehto,Virva Lehto,≤100,10
102962981770872,Teresa Rautapää,Teresa Rautapää,≤100,3
126554207418154,TalousVihreät,TalousVihreät ry,≤100,1
388632775014127,Riitta Savukoski,Riitta Savukoski,≤100,1
106631037955828,"Sanna Kauppinen, kaupunginvaltuutettu",Sanna Kauppinen,≤100,1
148058601903484,Elinkeinoelämän valtuuskunta EVA,Elinkeinoelämän valtuuskunta EVA,≤100,1
1455062897922248,Kaisa Juuso - Eduskunta,Kaisa Juuso,≤100,2
1582838445264672,Pirkanmaan Keskusta,Keskustan Pirkanmaan piiri,≤100,1
107163777828842,Jonni Lehtiranta,Jonni Lehtiranta,≤100,1
394248284266051,Miina-Anniina Heiskanen,Miina-Anniina Heiskanen,≤100,1
106295941498513,"Hanna Nevantausta, Vasemmistoliitto",Hanna Nevantausta,≤100,1
1871809049709375,Tyrnävän Keskusta,Hanne Maarit Johanna Bräysy,≤100,1
232771070103542,Vasemmistonaiset,Vasemmistonaiset,≤100,2
247576945347211,Ylöjärven Vihreät,Jenni Kiiskinen,≤100,2
110264975003175,Pasi Keskinen eduskuntaan,Teemu Knuutti,≤100,1
28729512139,Pekka Haavisto,Pekka Olavi Haavisto,≤100,1
106996915562003,Mari Lotila,Mari Lotila,≤100,1
100895198450038,Teemu Savolainen Eduskuntavaaliehdokas,Teemu Savolainen,≤100,3
408867649193362,SDP Loimaa,Maiju Boenisch,≤100,1
362058531025252,Ekokompassi,Ekokompassi,≤100,11
782481818579101,Poliitikko Sanna Laine,Sanna Laine,≤100,1
279846125454963,Mervi Uusitalo-Heikkisen poliitikkosivu,Mervi Uusitalo-Heikkinen,≤100,1
488324387874207,Veronika Honkasalo,Veronika Honkasalo,≤100,1
768115453209247,Kotkan Demarit,Pirinen Riku Jarmo Tapani,≤100,2
188570803251,Rakennusliitto,Rakennusliitto,≤100,1
273828453210,Kaakkois-Suomen Kokoomus,Kaakkois-Suomen Kokoomus,≤100,2
100343761879527,Stop Killer Robots Finland,Stop Killer Robots Finland,≤100,1
102558962737748,Antti Pakkanen kansanedustajaksi 2023,Antti Lauri Pakkanen,≤100,3
315479585304528,Kimmo Kautio,Kautio Kimmo Jaakko Tapio,≤100,1
102468771564945,Poliitikko Sanna Niemelä,Sanna Niemelä,≤100,1
162967730426582,Varsinais-Suomen Yrittäjät,Varsinais-Suomen Yrittäjät ry,≤100,1
110020908625744,Rami Lehtinen PS,Otto Ilmari Eriksson,≤100,1
2010375012387805,Mira Nieminen - Poliitikko,Mira Anneli Nieminen,≤100,1
1529007540681072,Espoon Keskusta,Keskustan Espoon kunnallisjärjestö ry,≤100,1
389885831861634,Jari Karhu,Poliitikko Jari Karhu,≤100,3
107552192667016,Diakonissalaitos,Diakonissalaitos,≤100,1
387646527975949,Pohjanmaan Sosialidemokraatit,Pohjanmaan Sosialidemokraatit,≤100,1
1850105838610709,Anna Moilanen,Anna Moilanen,≤100,1
50771297846,Suomen Kuvalehti,Matti Kalliokoski,≤100,1
115879053582566,Mirva Salonen - Raision Vihreät,Mirva Salonen,≤100,1
112365874984149,Johanna Holmäng,Johanna Erika Holmäng,≤100,1
107833064713387,Tuomo Suihkonen Yhteistyön rakentaja,Tuomo Jaakko Suihkonen,≤100,2
107898832590939,European Commission,European Commission,≤100,4
1675767206057249,Antti Kaarlela Kokoomus Lappi Tornio,Antti Kaarlela,≤100,1
1459958094023251,Jertta Harinen,Jertta Harinen,≤100,2
499820690502400,Helsingin tieteen ja teknologian vihreät,Helsingin tieteen ja teknologian vihreät,≤100,2
1642011429390287,Tommi Halkosaari,Tommi Halkosaari,≤100,2
107393941772084,Erika Mäkeläinen,Erika Mäkeläinen,≤100,2
192210228734,Kouvolan Sanomat,Kouvolan Sanomat,≤100,2
353302946040223,Janne Riitakorpi,Janne Juhani Riitakorpi,≤100,2
102018482732285,Rami Lehtola,Rami Johannes Lehtola,≤100,1
102378145879575,"Teemu Laine, Vihreät","Teemu Laine, Vihreät",≤100,1
108110128836384,Juho Salmi,Juho Salmi,≤100,1
234054383723022,Jenni Kuisti - Vihreät,Jenni Kuisti,≤100,1
117594328411158,Pirkanmaan Vasemmisto,Pirkanmaan Vasemmistoliitto,≤100,1
155269724509912,Heikki Autto,Heikki Autto,≤100,3
101973612370406,Poliitikko - Terhi Salmela,Terhi Anni Tuulia Salmela,≤100,1
115041821514974,Jani Hotanen,Jani Hotanen,≤100,2
158714567520876,Janne Sankelo - kansanedustaja,Janne Sankelo,≤100,1
155492884488412,Tekniikan akateemiset TEK,Tekniikan akateemiset TEK,≤100,2
105865605737255,"Anu Åman, Eduskuntavaaliehdokas, Liike Nyt","Anu Åman, Eduskuntavaaliehdokas, Liike Nyt",≤100,1
110647840532680,Merge Mayor,These ads ran without a disclaimer,≤100,1
221582118382641,Globaalikasvatus,Fingo - Suomalaiset kehitysjärjestöt,≤100,1
100761912048783,Mikko Kangasoja PS,Mikko Kangasoja,≤100,1
116398244688088,Rauno Pikkarainen eduskuntaan 2023,Rauno Pikkarainen eduskuntaan 2023,≤100,1
1598974183738520,Suvi Röntynen,Suvi Röntynen,≤100,1
103615098153677,Kati Hynninen,Kati Emilia Hynninen,≤100,2
103189741675624,Sami Korkiakoski SDP - sydämen puhetta Lahdesta,Sami Korkiakoski,≤100,1
302476246573215,Sirkku Ingervo,Sirkku Ingervo,≤100,2
102910542623618,Iida Hovi,Suomen Kristillisdemokraattien (KD) Lahden paikallisosasto ry,≤100,1
899967553367075,Marko Ekqvist,Marko Ekqvist,≤100,1
1819503078301250,Aino Närkki,Aino Närkki,≤100,1
101123172176059,Miia Immonen,Miia Immonen,≤100,1
2432894460279960,Joni Kumlander- SDP,Joni-Petri Kumlander,≤100,1
107361237979495,Aarne Raevaara,These ads ran without a disclaimer,≤100,1
154741251862170,Suomen Avustajapalvelut,These ads ran without a disclaimer,≤100,1
429563733747090,Painotalo.fi,Scanseri,≤100,1
105659321389472,Pihtiputaan Keskusta,Keskusta Pihtiputaan kunnallisjärjestö,≤100,1
364985376911128,Maija Silvennoinen KD,Maija Silvennoinen,≤100,1
1649925445247180,Hattulan vasemmisto,Hanna Jokinen,≤100,1
368357310229846,Mika Saari,Mika Saari,≤100,1
104526919102564,Jonna Tamminen - ehdolla eduskuntaan 2023,Jonna Tamminen,≤100,1
178362315106,European Parliament,European Parliament,≤100,18
106713535532156,Annu eduskuntaan,Annu Liisa Räsänen,≤100,2
252335651883959,Venla Avelin - Kaupunginvaltuutettu Orimattilan Vihreät,Venla Avelin,≤100,1
111256388258522,Heikki Miettinen SDP,Heikki Errik Miettinen,≤100,1
100681088445278,Arttu Jokikota,Arttu Jokikota,≤100,2
1394324444206771,Helsingin Keskusta,Helsingin Keskusta,≤100,1
562855913812981,Muuramen Keskusta,Minna Häkkinen,≤100,1
286396641464964,Virpi Räty,Virpi Kyllikki Räty,≤100,4
139433629912436,Ylä-Savon Vihreät,Anne Roponen,≤100,1
355962364777119,Anita Hellman,Anita Hellman,≤100,1
104751504957140,"Gyan Dookie FM, YTM",Gyan Dookie,≤100,1
163459027024544,Pohjois-Pohjanmaan Keskustanuoret,Pohjois-Pohjanmaan Keskustanuoret,≤100,3
1479508498994670,Heikki Vestman,Heikki Vestman,≤100,1
361974700672610,Eläinoikeuspuolue,Eläinoikeuspuolue,≤100,1
376504865751149,Santeri Lohi,Santeri Olli Matias Lohi,≤100,1
383923558848811,Creatura,Creatura Think & Do Tank ry,≤100,1
294810410627856,Keravan Keskusta,Raija Kallioinen,≤100,1
107452415164870,Mikko Taavitsainen - Perussuomalaiset,Mikko Matti Johannes Taavitsainen,≤100,2
100160249676292,,Annika Sipola,≤100,1
271473022894129,Lahden Demarit,Lahden Sos.-Dem. Kunnallisjärjestö ry,≤100,2
231856213633709,Sami Virtanen SDP,Sami Virtanen,≤100,1
662996067471864,Josefina Nissilä SDP,Josefina Nissilä,≤100,2
100593272950665,Sanna Kurronen,Sanna Elina Kurronen,≤100,1
324931050932620,Vasemmistoliitto Äänekoski,Vasemmistoliitto Äänekoski,≤100,1
105104301576012,"Pasi Backman, Eduskuntavaaliehdokas, Liike Nyt",Pasi Backman,≤100,1
266950800040802,Keskilaakso,Kaakon Viestintä Oy,≤100,1
103961325883479,Tuula Nikula-Häkli,Jukka Tapani Järvinen,≤100,1
954591367987189,Länsi-Saimaan Sanomat,Kaakon Viestintä Oy,≤100,1
197751180352959,Seida Sohrabi I Kokoomus I Helsinki I 150,Šeida Sohrabi,≤100,2
416337011847395,Pitäjänuutiset,Kaakon Viestintä Oy,≤100,1
223996244325350,Sastamalan Demarit,Nalli Petri Tapio,≤100,2
106908981184967,Ninni Saarinen - Vihreät,Ninni Saarinen,≤100,1
109317724961895,Mauri Kontu,Mauri Eino Olavi Kontu,≤100,8
115452021413977,"Harri Kuukasjärvi, Eduskuntavaaliehdokas Hämeen piiri","Harri Kuukasjärvi, Eduskuntavaaliehdokas Hämeen piiri",≤100,1
1851864408411596,Marika Hannula,Marika Hillevi Hannula,≤100,1
493178794070346,Kokoomus Huittinen,Kokoomus Huittinen,≤100,1
104708708275939,Milla Veteläinen,Milla Veteläinen,≤100,1
102443392272479,Fredrik Waselius - SFP RKP,Fredrik Alexander Alarik Waselius,≤100,2
101979402819589,Ville Ojanen Liike NYT,Ville Ojanen,≤100,1
105290968092805,Mika Arponen PS,Mika Arponen,≤100,1
1343649862339921,Saija Porramo,Saija Hannele Porramo,≤100,1
340578349898579,KD Satakunta,KD Pori,≤100,1
1529132450712026,Paikallislehti Puruvesi,Kaakon Viestintä Oy,≤100,1
163297240439657,Tamperelainen Kokoomus,Kokoomuksen Tampereen Aluejärjestö,≤100,1
298255610248061,Tasa-arvoasiain neuvottelukunta,Tasa-arvoasiain neuvottelukunta,≤100,1
220697789918249,Jonna Pakisjärvi,Jonna Karoliina Pakisjärvi,≤100,1
1480877175509481,Tuomas Ojajärvi,Tuomas Ojajärvi,≤100,3
739293396223469,KD Heinola,Ossi Helander,≤100,1
1458828050802981,Viliina Välimäki,Viliina Välimäki,≤100,1
33722070600,Vihreät - De Gröna,Vihreä liitto rp.,≤100,1
102437381495832,Julia Ståhle,Julia Veronica Ståhle,≤100,1
220226178005429,Ifolor.fi,These ads ran without a disclaimer,≤100,4
104175535956164,Ehdokas Kim Tapper,Kim Christer Tapper,≤100,2
170228046444670,Tea Saarniala,Tea Katja Carolin Saarniala,≤100,1
159869664136910,"Heli Hallikainen, Eduskuntavaaliehdokas",Heli Hallikainen,≤100,1
101484828652461,Maaret Laakso Eduskuntavaaliehdokas,Maaret Laakso,≤100,1
1268574939858915,Virve Aho päättäjänä,Virve Birgitta Aho,≤100,1
109004368039913,Kokoomuksen Lapuan ehdokkaat,Lapuan Kokoomus,≤100,1
268713230499188,Maarit Koivisto,Maarit Koivisto,≤100,1
1241114739259876,Marju Markkanen,Marju Elina Markkanen,≤100,2
104928352444344,Jasmin Granholm,Jasmin Maria Henrietta Granholm,≤100,1
1642424719334169,LähiTapiola Keski-Suomi,These ads ran without a disclaimer,≤100,1
212257028078,Toisenlainen Lahja,Toisenlainen Lahja,≤100,4
143446715784260,Paikallislehti Joutseno,Kaakon Viestintä Oy,≤100,1
294487790568395,Anne Kalmari,Anne Kalmari,≤100,5
141161342713112,Juvan Lehti,Kaakon Viestintä Oy,≤100,1
105490675095445,Timo Lähteenmäki,Timo Eerik Lähteenmäki,≤100,1
445775442119197,Kaakonkulma,Kaakon Viestintä Oy,≤100,1
105654777502849,Olga Oinas-Panuma,Ari Veikko Samuli Puska,≤100,1
114796622032377,eFlexFuel,eFlexFuel/ StepOne Tech,≤100,1
104935871657013,Laura Tulikorpi,Laura Tulikorpi,≤100,1
725505594135727,Adventure Escape,These ads ran without a disclaimer,≤100,1
454183291262304,Iisalmen kaupunki - City of Iisalmi,Iisalmen kaupunki,≤100,1
105987671405748,Tanja Suomalainen,Tanja Suomalainen,≤100,1
101312995441384,Mirja Anunti-Virta - Sulkavan Kokoomus,Mirja Anneli Anunti-Virta,≤100,2
163000313811037,Kangasniemen Kunnallislehti,Kaakon Viestintä Oy,≤100,1
111423563561221,Moderat Samling för Sund,Erik Schütten,≤100,1
108452558722677,Lotta Hamari,Anna Lotta Hamari,≤100,1
336057419777613,Vaasan vaalipiirin vihreät - De Gröna i Vasa valkrets,Vihreät - De Gröna,≤100,1
295761038026720,Rosa Tani,Rosa Maria Tani,≤100,1
111698274292441,Sirkku Kemppainen -kaupunginvaltuutettu,Sirkku Kemppainen,≤100,1
105414284840157,Joonas Ryynänen,Joonas Ryynänen,≤100,1
138784779521810,Naisten Linja,Naisten Linja Suomessa ry,≤100,2
238938381135,Luckan Helsingfors,Föreningen Luckan,≤100,1
227567280653911,SFP i Åbo - Turun RKP,SFP i Åbo,≤100,1
34341719742,Metsänhoidon suositukset,Tapio Oy,≤100,2
1959790547433207,Aapo Niemi,Aapo Niemi,≤100,1
113048218353926,Eduskuntavaaliehdokas Kari Kivinummi,Kari Tapio Kivinummi,≤100,1
104776681666617,Alex Seitsamo,Alex Daniel Seitsamo,≤100,1
178925535502983,Matthew Fowler,These ads ran without a disclaimer,≤100,21
1403842966317196,Kokoomus Ulvilassa,Ulvilan Kokoomuksen kunnallistoimikunta,≤100,1
104792282066849,Eeva Närhi,Eeva Närhi,≤100,2
102758438535141,Marjut Hovi - eduskuntavaalit 2023,Marjut Hovi,≤100,1
158960604127643,Opintokeskus Visio,Vihreä Sivistysliitto ry,≤100,1
150470741712965,Sfp i Kyrkslätt,SFP i Kyrkslätt,≤100,1
229309442980,Hämeen Kokoomus,Hämeen Kokoomus ry,≤100,1
945110922315220,Kati Nummensalo eduskuntaan 2023,Kati Annikki Nummensalo,≤100,1
104534359002535,Kari Mouhu Ps,Kari Mouhu tukiyhdistys ry,≤100,2
467512869934888,Petra Malin,Petra Malin,≤100,1
154808955008689,hálo,These ads ran without a disclaimer,≤100,1
754897361541633,"Ulpu Keränen, PerusS",Keränen Niko Tapio,≤100,2
103187718109439,Santeri Leinonen,Santeri Leinonen,≤100,1
1238599312828785,Seppänen - politiikkasivu,Erkki Seppänen,≤100,1
1222500277827380,Viitasaaren Keskusta,Maria Kaisa Aula,≤100,1
1952592984965736,Brother Christmas,Ari Juhani Koponen,≤100,1
163903613685550,Eurooppalainen Suomi ry,Eurooppalainen Suomi ry,≤100,1
100626015183740,Katri Ruth,Katri Maria Ruth,≤100,1
106833241190360,Riikka Pöntinen,Riikka Pöntinen,≤100,1
733922430102717,Helena Lehkonen - Kokoomus,Helena Marjukka Lehkonen,≤100,1
443150935728009,Vaasan Perussuomalaiset,Lauri Karppi,≤100,1
100530179204882,Inka Häkkinen,Inka Pauliina Häkkinen,≤100,1
1220981994590364,FT Partner Content,These ads ran without a disclaimer,≤100,7
133459136755839,Ihmisoikeusliitto,Ihmisoikeusliitto,≤100,1
388661630444,Svenska Kvinnoförbundet,Svenska Kvinnoförbundet,≤100,1
1118293491538970,Keskustanaisten Kainuun piiri ry,Keskustanaisten Kainuun piiri ry,≤100,1
117115461636076,Sofia Vikman,Sofia Vikman,≤100,1
342203589167219,Petri Ovaska,Petri Ovaska,≤100,1
1671119466519543,Matti Helimo Poliitikko,Helimo Matti Antero,≤100,1
900334436651383,Oulun Keskustanuoret,Eevasisko Mehtätalo,≤100,1
245094455536925,FOUR PAWS,These ads ran without a disclaimer,≤100,6
426401364854725,Raision seudun kristillisdemokraatit - KD,Suomen kristillisdemokraattien KD Raision seudun paikallisosasto ry,≤100,1
137749176290767,Ålands fredsinstitut - The Åland Islands Peace Institute,Ålands fredsinstitut - The Åland Islands Peace Institute,≤100,1
1073560966059608,Vasemmistoliiton Eurajoen yhdistys ry,Jarmo Ruohonen,≤100,1
105394282337088,Timo Ripatti,Timo Ripatti,≤100,1
178636422919225,Habita Kiinteistönvälitys Helsinki,These ads ran without a disclaimer,≤100,1
108346825426147,Eduskuntavaaliehdokas Hanna Ylläsjärvi-Kuitunen,Hanna Kaisa Ylläsjärvi-Kuitunen,≤100,1
382972838740989,"Jari Kokko, digitalkkari",Jari Kokko,≤100,1
51016808247,Suomen Omakotiliitto ry,These ads ran without a disclaimer,≤100,1
100979372911461,Matti Vihelä // Eduskuntavaalit 2023,Matti Johannes Vihelä,≤100,1
304790466605221,VIRPI KARHU poliittiset sivut,Virpi Karhu,≤100,1
102708202734642,Viivi Järvelä,Viivi Järvelä,≤100,1
141772896580,Kauppa.fi - Kaupan liitto,Kaupan liitto,≤100,2
209044072460328,Lohjan Vasemmisto,Jouni Linden,≤100,1
161666143844859,Sandvik,These ads ran without a disclaimer,≤100,3
186519195132281,Svenska Kvinnoförbundet i Sörnäs,Svenska Kvinnoförbundet i Sörnäs,≤100,1
157667034266266,Porvoon Kokoomus ry,Porvoon Kokoomus ry,≤100,1
101566349151387,Elina Kokko,Elina Kokko,≤100,1
1899205393647099,TAP Air Portugal,These ads ran without a disclaimer,≤100,1
111955708496511,EUnew24,These ads ran without a disclaimer,≤100,1
1177386342310413,Aki Leppänen,Aki Leppänen,≤100,1
232486090098974,Iso Numero,These ads ran without a disclaimer,≤100,1
1448616771847428,Maritta Mynttinen,Mynttinen Raila Maritta Orvokki,≤100,1
500405216698362,Raudanmaa,These ads ran without a disclaimer,≤100,1
687272838060108,iChoc - vegan chocolate,These ads ran without a disclaimer,≤100,1
107483864336789,I am a Casting Worker,These ads ran without a disclaimer,≤100,32
100800578520789,Vilma Järvisalo,Vilma Järvisalo,≤100,1
104670572551420,Eduskuntavaaliehdokas Teija Löfholm,Teija Löfholm,≤100,1
200427256653984,EU-Startups,These ads ran without a disclaimer,≤100,1
152905108099943,Joensuun Vihreät Nuoret ja Opiskelijat - JoViNO,Joensuun seudun vihreät nuoret,≤100,1
381290523932,VIKES Viestintä ja kehitys -säätiö,Viestintä ja kehitys -säätiö,≤100,1
101822262625358,IranGate,These ads ran without a disclaimer,≤100,1
34823056709,MASIA ONE,These ads ran without a disclaimer,≤100,17
338748719858693,Kiinteistöliitto Päijät-Häme,These ads ran without a disclaimer,≤100,1
110017327942815,"Mikko Piirtola - Pari pykälää parempi päättäjä, Sinun asiasi ajaja",These ads ran without a disclaimer,≤100,1
787095744651498,KS Geoenergi,These ads ran without a disclaimer,≤100,1
156450801052105,Kansalaisareena ry,Kansalaisareena ry,≤100,1
293721184170592,Lapin Demarinaiset,Eeva-Maija Susanna Väisänen,≤100,1
106298971631123,Terhi Holm,Terhi Holm,≤100,1
109424838762023,Новости дня,These ads ran without a disclaimer,≤100,1
100636899712,Uusi Suomi,These ads ran without a disclaimer,≤100,1
109651119184108,Hilton Seychelles Labriz Resort & Spa,These ads ran without a disclaimer,≤100,1
502494943190719,Thermory,These ads ran without a disclaimer,≤100,1
103597027708447,SuperPlanet Games,These ads ran without a disclaimer,≤100,1
398404134255361,Nutrolin,These ads ran without a disclaimer,≤100,1
100559435023160,GSE Technologies,These ads ran without a disclaimer,≤100,1
524481140907226,Green Motion International,These ads ran without a disclaimer,≤100,1
527351247377965,European Committee of the Regions,European Committee of the Regions,≤100,2
322599777438,BBD,These ads ran without a disclaimer,≤100,1
103175835690659,MICHAELSERGE.com,These ads ran without a disclaimer,≤100,1
111616771110534,Beyond Riches,These ads ran without a disclaimer,≤100,1
100834738093107,THEMOIRè,These ads ran without a disclaimer,≤100,1
100934092929093,Heinre-US,These ads ran without a disclaimer,≤100,1
101054365776547,Charming Changzhou,These ads ran without a disclaimer,≤100,1
100331992509873,Márcia Belmiro - Finanças,These ads ran without a disclaimer,≤100,1
102342747923923,Researchpod,These ads ran without a disclaimer,≤100,1
109911201817314,News Lantern,These ads ran without a disclaimer,≤100,1
133895846756176,Varsinais-Suomen Vammais- ja Pitkäaikaissairausjärjestöt VAPI ry,Varsinais-Suomen VAPI ry,≤100,1
21552458050,Wazoku,These ads ran without a disclaimer,≤100,1
285530825204,Klitschko,These ads ran without a disclaimer,≤100,5
31292782350,Deutschland.de,These ads ran without a disclaimer,≤100,1
102244566076628,Wine & Love - 酒与爱,These ads ran without a disclaimer,≤100,1
1517088885216557,AIG,These ads ran without a disclaimer,≤100,1
105699708610413,The Kyiv Independent,These ads ran without a disclaimer,≤100,1
1722656998043900,Uniqkey A/S,These ads ran without a disclaimer,≤100,1
148543868418,STEYR Traktoren,These ads ran without a disclaimer,≤100,1
112757083778788,"Economic Daily, China",These ads ran without a disclaimer,≤100,1
418424138986504,Lorena Alvarez,These ads ran without a disclaimer,≤100,1